จังหวัด, PM2.5, PM2.5 เฉลี่ย24ชั่วโมงต่อเนื่อง, เวลา
ปัตตานี,16.216142923688693,17.590018413220132,2026-01-17 02:00:00
มหาสารคาม,82.65118664176353,57.929951005797925,2026-01-17 02:00:00
สมุทรสาคร,22.18628399561094,48.811668085183186,2026-01-17 02:00:00
ระยอง,25.119705668189287,44.73145776864754,2026-01-17 02:00:00
ระนอง,29.31404583974996,18.717223710756286,2026-01-17 02:00:00
สุพรรณบุรี,40.81476644468603,55.64661635905162,2026-01-17 02:00:00
สิงห์บุรี,74.94641051947212,69.239558627329,2026-01-17 02:00:00
ชัยภูมิ,57.25444623635135,51.45137457430331,2026-01-17 02:00:00
อุตรดิตถ์,52.789029922260745,47.181004841904894,2026-01-17 02:00:00
นราธิวาส,16.749199964478677,18.38379029565229,2026-01-17 02:00:00
แพร่,49.48626355373678,36.28062577827347,2026-01-17 02:00:00
ยโสธร,77.3107548631373,45.778458895957954,2026-01-17 02:00:00
ปราจีนบุรี,39.994212109200305,53.33823813803193,2026-01-17 02:00:00
อุทัยธานี,48.621807558517965,52.305452534249724,2026-01-17 02:00:00
เชียงใหม่,13.977355303889903,20.843669591775683,2026-01-17 02:00:00
ปทุมธานี,27.803712029270166,53.83192016970736,2026-01-17 02:00:00
ประจวบคีรีขันธ์,25.721448313173337,42.299335100196,2026-01-17 02:00:00
พังงา,19.5690201838696,18.489430933124424,2026-01-17 02:00:00
เพชรบูรณ์,56.84457820844171,51.98329407391784,2026-01-17 02:00:00
พะเยา,30.687886185786482,28.605445536838758,2026-01-17 02:00:00
ลพบุรี,58.72314797876201,60.54309748482177,2026-01-17 02:00:00
ชุมพร,30.934318051332742,18.03283019018,2026-01-17 02:00:00
นครราชสีมา,49.34721251903749,51.06395494781763,2026-01-17 02:00:00
พัทลุง,14.711148090568889,19.47009408605129,2026-01-17 02:00:00
ฉะเชิงเทรา,32.670940487775894,54.28998490420235,2026-01-17 02:00:00
ตาก,35.25846853987237,39.38429195238893,2026-01-17 02:00:00
นครนายก,37.17891760000697,45.533180525663674,2026-01-17 02:00:00
พิษณุโลก,61.5423410376149,52.93393246766212,2026-01-17 02:00:00
นนทบุรี,23.465060179928575,50.772416762504356,2026-01-17 02:00:00
สุโขทัย,39.06032592863025,44.174404614286495,2026-01-17 02:00:00
กรุงเทพมหานคร,21.07428932391694,51.653619088772395,2026-01-17 02:00:00
มุกดาหาร,68.59789160866757,44.52976956697673,2026-01-17 02:00:00
สุราษฎร์ธานี,23.079288246413004,19.19360420161264,2026-01-17 02:00:00
ราชบุรี,28.696032064286737,48.35698037152461,2026-01-17 02:00:00
ตราด,25.934942336487165,43.36890786221584,2026-01-17 02:00:00
บึงกาฬ,41.329049401098075,39.196402106583754,2026-01-17 02:00:00
นครพนม,70.66208771141102,43.57341479100779,2026-01-17 02:00:00
ร้อยเอ็ด,82.25829013076462,54.754624332119995,2026-01-17 02:00:00
นครศรีธรรมราช,17.136256369017673,18.2145248034192,2026-01-17 02:00:00
ขอนแก่น,73.03712738560876,54.56241544652756,2026-01-17 02:00:00
นครปฐม,37.1036615992311,52.77272409809527,2026-01-17 02:00:00
อุบลราชธานี,68.7828857309975,49.5063992883039,2026-01-17 02:00:00
ศรีสะเกษ,63.80079570630678,50.62845978586058,2026-01-17 02:00:00
สุรินทร์,64.26739735542576,56.17720862688906,2026-01-17 02:00:00
สระแก้ว,35.24176275605932,50.812163835289624,2026-01-17 02:00:00
หนองบัวลำภู,59.715354839429146,48.198157547649544,2026-01-17 02:00:00
อุดรธานี,66.09349852987037,54.664344860147594,2026-01-17 02:00:00
ชัยนาท,71.07880166774609,65.081487972688,2026-01-17 02:00:00
หนองคาย,56.07994428878786,62.62378777742338,2026-01-17 02:00:00
สระบุรี,57.83605998047652,59.25303697127344,2026-01-17 02:00:00
เชียงราย,16.506086878109016,22.431796848482254,2026-01-17 02:00:00
ตรัง,29.181756907588728,21.93036275195975,2026-01-17 02:00:00
อ่างทอง,58.52797435618829,65.65040358523444,2026-01-17 02:00:00
เพชรบุรี,23.839344113016526,45.107937270085785,2026-01-17 02:00:00
น่าน,46.584296242232774,36.317617023093,2026-01-17 02:00:00
ชลบุรี,32.687449211394295,51.045430646834994,2026-01-17 02:00:00
กาญจนบุรี,35.78395086168166,48.4368082282823,2026-01-17 02:00:00
สมุทรสงคราม,20.485465433642013,48.91750819052833,2026-01-17 02:00:00
จันทบุรี,27.481842930766465,44.675085907376406,2026-01-17 02:00:00
เลย,53.291104975938374,46.73597914507024,2026-01-17 02:00:00
ยะลา,27.552285448405296,20.599749256882742,2026-01-17 02:00:00
กระบี่,21.887532422801463,17.984334405536366,2026-01-17 02:00:00
สมุทรปราการ,19.66884577603188,50.513345366962064,2026-01-17 02:00:00
กาฬสินธุ์,80.98994314942445,56.73162495935079,2026-01-17 02:00:00
ภูเก็ต,16.424021251526213,20.04109247302573,2026-01-17 02:00:00
กำแพงเพชร,42.94781798041791,46.17534555028576,2026-01-17 02:00:00
สตูล,13.567902954926778,16.037315193761476,2026-01-17 02:00:00
สงขลา,12.75684020326944,17.82572480654167,2026-01-17 02:00:00
นครสวรรค์,54.986120613074725,55.10305978367244,2026-01-17 02:00:00
พิจิตร,59.2213526145935,52.402493591039324,2026-01-17 02:00:00
ลำพูน,27.481837955656363,29.934035990591074,2026-01-17 02:00:00
สกลนคร,59.402800713860834,45.55928971324381,2026-01-17 02:00:00
บุรีรัมย์,53.69486966202162,54.241265307971084,2026-01-17 02:00:00
พระนครศรีอยุธยา,44.517543198889115,61.387055749543485,2026-01-17 02:00:00
แม่ฮ่องสอน,11.59629440643138,19.927701778907128,2026-01-17 02:00:00
ลำปาง,31.66096152002917,30.918388407111365,2026-01-17 02:00:00
อำนาจเจริญ,74.42770485858593,43.55327169873525,2026-01-17 02:00:00
สระแก้ว,33.98924004413272,50.44478028674222,2026-01-17 03:00:00
สระบุรี,50.49052376267006,60.09254670961919,2026-01-17 03:00:00
ขอนแก่น,66.68633389075804,55.18874626804085,2026-01-17 03:00:00
ตรัง,33.642227896737324,21.77216476863208,2026-01-17 03:00:00
ราชบุรี,27.926500541847876,48.92354087794243,2026-01-17 03:00:00
ชัยภูมิ,52.581733704629386,51.77986857679369,2026-01-17 03:00:00
ปัตตานี,24.07422492722115,17.336997777674426,2026-01-17 03:00:00
นครนายก,34.14593413912202,45.18337789141177,2026-01-17 03:00:00
นนทบุรี,21.930736477710518,50.07496454722562,2026-01-17 03:00:00
ตราด,23.67663494276809,43.76580974463113,2026-01-17 03:00:00
สุราษฎร์ธานี,21.64146276774253,18.153674409984717,2026-01-17 03:00:00
อุบลราชธานี,60.49180217952094,50.210802109018594,2026-01-17 03:00:00
หนองบัวลำภู,55.00370525027102,49.39327589126583,2026-01-17 03:00:00
ตาก,33.218399400238305,39.12737976271598,2026-01-17 03:00:00
สมุทรสงคราม,22.239583464160592,48.61401382409258,2026-01-17 03:00:00
น่าน,36.85223217334231,36.5145693534298,2026-01-17 03:00:00
ยะลา,26.030833500061963,20.154226724354213,2026-01-17 03:00:00
สมุทรปราการ,18.462326667225913,49.86153062442904,2026-01-17 03:00:00
สตูล,17.676709503050414,16.10763945727888,2026-01-17 03:00:00
แม่ฮ่องสอน,11.608564214038674,18.377567966611085,2026-01-17 03:00:00
อำนาจเจริญ,65.22888510430681,44.82106858460597,2026-01-17 03:00:00
สุพรรณบุรี,33.10381374630368,55.231264512273974,2026-01-17 03:00:00
แพร่,43.03030875286509,37.48344252297605,2026-01-17 03:00:00
ปราจีนบุรี,36.06707139225225,52.78458459728239,2026-01-17 03:00:00
ชุมพร,26.84228383957413,17.70892897233297,2026-01-17 03:00:00
พะเยา,24.978901059461457,29.03226551788015,2026-01-17 03:00:00
นครราชสีมา,46.74026780345274,51.355107393993784,2026-01-17 03:00:00
ฉะเชิงเทรา,28.51649208784352,53.641885071344426,2026-01-17 03:00:00
พังงา,21.011183707717084,17.820446638386958,2026-01-17 03:00:00
ประจวบคีรีขันธ์,23.706243972833196,42.69341954928715,2026-01-17 03:00:00
เพชรบูรณ์,52.670330203410096,52.81029470005214,2026-01-17 03:00:00
เชียงใหม่,14.622264505611026,20.029646018238072,2026-01-17 03:00:00
อุทัยธานี,41.879622611555746,52.65559354541937,2026-01-17 03:00:00
ยโสธร,68.13077796834433,47.96030445105652,2026-01-17 03:00:00
อุตรดิตถ์,46.3569507507879,47.523843443734854,2026-01-17 03:00:00
ระนอง,25.725885849923568,17.7011099048098,2026-01-17 03:00:00
สิงห์บุรี,61.58673327284417,70.48452868029928,2026-01-17 03:00:00
ระยอง,23.314822134606402,45.07810236994401,2026-01-17 03:00:00
สมุทรสาคร,20.71999763729151,47.74533273314552,2026-01-17 03:00:00
มหาสารคาม,73.94032106919474,58.88943501897544,2026-01-17 03:00:00
ลำปาง,28.39345331921366,30.511792473719883,2026-01-17 03:00:00
บุรีรัมย์,48.473780193301224,54.472169965569634,2026-01-17 03:00:00
พระนครศรีอยุธยา,35.84854200809185,61.74168734393615,2026-01-17 03:00:00
ลำพูน,26.851088714215674,29.55038550973706,2026-01-17 03:00:00
นครสวรรค์,47.544911713795265,55.51460329217944,2026-01-17 03:00:00
สงขลา,19.470796859485286,17.22219069867753,2026-01-17 03:00:00
กำแพงเพชร,40.74557776639206,45.90998499600071,2026-01-17 03:00:00
กาฬสินธุ์,71.64259782753166,58.34863401479567,2026-01-17 03:00:00
กระบี่,29.346435030097744,18.571648314714288,2026-01-17 03:00:00
กาญจนบุรี,32.04627827556479,48.58102843121452,2026-01-17 03:00:00
ชลบุรี,24.726211936380118,51.42706103631329,2026-01-17 03:00:00
เพชรบุรี,23.42248552052589,44.675861222010816,2026-01-17 03:00:00
เชียงราย,16.025271351933622,21.25430525990802,2026-01-17 03:00:00
ชัยนาท,58.56015199863184,66.01391677157889,2026-01-17 03:00:00
เลย,53.71917176550802,47.690628364483466,2026-01-17 03:00:00
อุดรธานี,70.86400124362905,55.51753570831261,2026-01-17 03:00:00
นครศรีธรรมราช,19.115746883525347,17.632642917440908,2026-01-17 03:00:00
นครปฐม,29.37087738411821,52.31398451368714,2026-01-17 03:00:00
สุรินทร์,58.19213853595509,56.63475473301596,2026-01-17 03:00:00
ศรีสะเกษ,59.22946947768205,50.97424231650936,2026-01-17 03:00:00
ร้อยเอ็ด,73.40738903139906,55.651969628897234,2026-01-17 03:00:00
นครพนม,64.77031170005978,44.89514998480551,2026-01-17 03:00:00
บึงกาฬ,40.366220276592955,38.72388945261895,2026-01-17 03:00:00
มุกดาหาร,62.06242403151185,45.51694317996999,2026-01-17 03:00:00
พิษณุโลก,57.266761048151686,53.9276528901003,2026-01-17 03:00:00
พัทลุง,18.916992188118257,18.17398310766841,2026-01-17 03:00:00
ปทุมธานี,25.251911725699607,54.282844147666,2026-01-17 03:00:00
นราธิวาส,19.39236720186069,17.699997347075072,2026-01-17 03:00:00
พิจิตร,53.2547490028761,53.93808206460946,2026-01-17 03:00:00
ภูเก็ต,16.343117399505225,18.999078661709852,2026-01-17 03:00:00
จันทบุรี,26.034948712834147,44.2281046481665,2026-01-17 03:00:00
อ่างทอง,45.25847192626774,65.64977860545535,2026-01-17 03:00:00
หนองคาย,80.4208062690281,64.43740062199369,2026-01-17 03:00:00
ลพบุรี,49.78608585779697,61.901007308181086,2026-01-17 03:00:00
สุโขทัย,37.618571611943125,44.0428142404975,2026-01-17 03:00:00
สกลนคร,55.115910365295434,46.00848437167545,2026-01-17 03:00:00
กรุงเทพมหานคร,20.383595983237633,51.83938356628064,2026-01-17 03:00:00
ศรีสะเกษ,61.20721450207951,50.76885394710914,2026-01-17 04:00:00
สมุทรสงคราม,21.823068881586206,47.49261459541486,2026-01-17 04:00:00
จันทบุรี,29.10369352383436,43.34627857356148,2026-01-17 04:00:00
นครสวรรค์,46.70063343001456,54.67504593328969,2026-01-17 04:00:00
นครพนม,60.08228206444414,44.63513258617561,2026-01-17 04:00:00
กาญจนบุรี,31.283981503900254,47.58142469368007,2026-01-17 04:00:00
สมุทรปราการ,15.982337277016475,48.45915420666041,2026-01-17 04:00:00
ชลบุรี,22.763704579014206,49.9641440424723,2026-01-17 04:00:00
หนองคาย,75.7015154340941,63.90461633505225,2026-01-17 04:00:00
สุราษฎร์ธานี,21.93477097843921,18.484055050311245,2026-01-17 04:00:00
ตรัง,28.35947547950714,22.017335009010683,2026-01-17 04:00:00
พระนครศรีอยุธยา,34.212903256159024,60.0755195765671,2026-01-17 04:00:00
บึงกาฬ,38.494837885036965,38.608736292880444,2026-01-17 04:00:00
สระแก้ว,35.31665437708488,49.54245693912005,2026-01-17 04:00:00
ร้อยเอ็ด,70.27514484748619,55.611886424992115,2026-01-17 04:00:00
ตราด,30.799598823003393,43.44737638979495,2026-01-17 04:00:00
นนทบุรี,19.783450830735426,48.59345498188981,2026-01-17 04:00:00
มุกดาหาร,63.58130763486504,45.37456467152654,2026-01-17 04:00:00
เลย,53.33200975549497,47.769612976459776,2026-01-17 04:00:00
บุรีรัมย์,53.08379251499599,54.27135093898816,2026-01-17 04:00:00
ราชบุรี,26.675671704601783,47.79743708444648,2026-01-17 04:00:00
ปัตตานี,15.024177251114608,17.52142906858021,2026-01-17 04:00:00
กรุงเทพมหานคร,19.13952754668076,50.496613275474324,2026-01-17 04:00:00
น่าน,39.26057051857125,36.44647948741518,2026-01-17 04:00:00
พิษณุโลก,55.35250864050093,53.443935176222176,2026-01-17 04:00:00
สระบุรี,48.13397079649334,58.954238145887935,2026-01-17 04:00:00
ลำปาง,29.13574056965499,30.422486040055162,2026-01-17 04:00:00
เพชรบุรี,22.566936972626255,43.52432627503322,2026-01-17 04:00:00
กำแพงเพชร,42.768479542462565,45.80204717546323,2026-01-17 04:00:00
พะเยา,29.909552872591846,28.912054554767053,2026-01-17 04:00:00
นครราชสีมา,49.656853991266765,50.97084004605136,2026-01-17 04:00:00
พัทลุง,24.87697773683522,18.14451016737399,2026-01-17 04:00:00
เชียงราย,17.071295146198153,21.08386561416855,2026-01-17 04:00:00
ฉะเชิงเทรา,27.604226432760594,52.41968800246283,2026-01-17 04:00:00
ชุมพร,24.314342824305566,17.952313906748206,2026-01-17 04:00:00
หนองบัวลำภู,54.586712072557866,49.53378970925048,2026-01-17 04:00:00
เพชรบูรณ์,53.774095689746794,52.66134515350985,2026-01-17 04:00:00
พังงา,20.373819542100122,18.021956406022515,2026-01-17 04:00:00
สงขลา,20.362693060440478,17.28729443428548,2026-01-17 04:00:00
นครศรีธรรมราช,21.044447513232026,17.813274713510797,2026-01-17 04:00:00
พิจิตร,52.44517437342053,53.508236046672245,2026-01-17 04:00:00
ชัยนาท,57.426909175874385,65.06964583322493,2026-01-17 04:00:00
สกลนคร,55.11057692627081,45.68737365400161,2026-01-17 04:00:00
เชียงใหม่,15.0294040884596,20.0240268058554,2026-01-17 04:00:00
ขอนแก่น,64.63023601430876,55.2881081613729,2026-01-17 04:00:00
อ่างทอง,42.03322582389957,64.05655710341749,2026-01-17 04:00:00
อำนาจเจริญ,61.39551508764661,45.28547311360561,2026-01-17 04:00:00
มหาสารคาม,72.42153264309931,58.77173399572027,2026-01-17 04:00:00
ปราจีนบุรี,37.2629260794029,51.80472503709344,2026-01-17 04:00:00
ยโสธร,63.12324009960115,48.02859195442266,2026-01-17 04:00:00
อุดรธานี,69.93475658065071,55.48318629300832,2026-01-17 04:00:00
ประจวบคีรีขันธ์,22.99475908351567,41.71957332238434,2026-01-17 04:00:00
ปทุมธานี,22.7072788751446,52.661357711152355,2026-01-17 04:00:00
อุทัยธานี,41.37530405461988,51.70983933214444,2026-01-17 04:00:00
ชัยภูมิ,55.036336041117586,51.606685295998126,2026-01-17 04:00:00
ลำพูน,27.031221201793738,29.64195593218226,2026-01-17 04:00:00
สุพรรณบุรี,32.62447275276315,54.126991378913125,2026-01-17 04:00:00
นครปฐม,27.305627299485547,51.173670479981475,2026-01-17 04:00:00
อุตรดิตถ์,43.21565328596859,47.22822441643487,2026-01-17 04:00:00
สตูล,20.119950498273276,16.4202616826668,2026-01-17 04:00:00
กาฬสินธุ์,71.30545962000174,58.1909458077622,2026-01-17 04:00:00
ระนอง,24.380672240018733,17.890638048330587,2026-01-17 04:00:00
แม่ฮ่องสอน,12.143482322923047,18.269132828204036,2026-01-17 04:00:00
สุโขทัย,37.295151098470285,43.707198757790316,2026-01-17 04:00:00
แพร่,33.949918499414444,37.208556890031595,2026-01-17 04:00:00
อุบลราชธานี,61.33143377684129,50.08729718497049,2026-01-17 04:00:00
สุรินทร์,59.91681137096649,56.24474592038698,2026-01-17 04:00:00
นราธิวาส,17.86285207892828,17.78346692676214,2026-01-17 04:00:00
นครนายก,32.88426713346045,44.6379555091477,2026-01-17 04:00:00
ระยอง,23.90465198470122,44.10871231281249,2026-01-17 04:00:00
ลพบุรี,48.37162932287174,60.85493504636057,2026-01-17 04:00:00
ตาก,34.91436270261468,38.767502967957476,2026-01-17 04:00:00
สิงห์บุรี,61.171581116660384,69.53085328515968,2026-01-17 04:00:00
กระบี่,26.867207469151243,18.894539838784862,2026-01-17 04:00:00
ยะลา,26.111215733544054,20.347941296902274,2026-01-17 04:00:00
ภูเก็ต,17.36354708101439,18.843956564530714,2026-01-17 04:00:00
สมุทรสาคร,19.559799814850987,46.577303293562316,2026-01-17 04:00:00
นราธิวาส,30.353868844737843,18.358983793059164,2026-01-17 05:00:00
มหาสารคาม,73.17234987279609,58.99276088627182,2026-01-17 05:00:00
นครศรีธรรมราช,29.232063744501797,18.15760338720577,2026-01-17 05:00:00
ลำปาง,27.16584671701168,30.272516989684803,2026-01-17 05:00:00
จันทบุรี,29.37202936687782,42.7169236095986,2026-01-17 05:00:00
แม่ฮ่องสอน,10.618761760805768,18.13505881105323,2026-01-17 05:00:00
สตูล,22.64371666010005,16.78814500712414,2026-01-17 05:00:00
บุรีรัมย์,50.43735290049914,53.625167246220705,2026-01-17 05:00:00
สุโขทัย,35.32796015076821,43.24744154159586,2026-01-17 05:00:00
ลำพูน,26.304075543156763,29.666952881680956,2026-01-17 05:00:00
นครสวรรค์,45.46152692623698,53.908241341113985,2026-01-17 05:00:00
สมุทรปราการ,17.9724262974446,47.196951800244655,2026-01-17 05:00:00
สกลนคร,54.07292418936356,45.464215087752585,2026-01-17 05:00:00
กำแพงเพชร,40.8142085477554,45.58910855996222,2026-01-17 05:00:00
สงขลา,28.28573434363087,17.796786956721217,2026-01-17 05:00:00
ปัตตานี,39.181913605368536,18.65464931925207,2026-01-17 05:00:00
ยะลา,39.03138093227421,21.010900598251073,2026-01-17 05:00:00
กาฬสินธุ์,72.28432452119407,58.222394559798964,2026-01-17 05:00:00
ราชบุรี,25.175259914228747,46.71859398166035,2026-01-17 05:00:00
ตาก,33.492682551458785,38.38781195413984,2026-01-17 05:00:00
กระบี่,37.64791861556141,19.676084513135777,2026-01-17 05:00:00
สระแก้ว,35.464458700915706,48.75077309344024,2026-01-17 05:00:00
ชลบุรี,22.01857719599217,48.357753664217476,2026-01-17 05:00:00
กาญจนบุรี,29.646894122482596,46.643893037276776,2026-01-17 05:00:00
สมุทรสงคราม,21.955478102760882,46.39348692111083,2026-01-17 05:00:00
ภูเก็ต,29.257751299561786,19.192159568851206,2026-01-17 05:00:00
เพชรบุรี,21.448975205971927,42.41793437923052,2026-01-17 05:00:00
ตรัง,39.149382029619325,22.643953951900055,2026-01-17 05:00:00
เชียงราย,15.442959187646672,20.850755912660386,2026-01-17 05:00:00
ชัยนาท,55.79703326390134,64.2046787833171,2026-01-17 05:00:00
อุดรธานี,71.80810794559422,55.65694131628467,2026-01-17 05:00:00
อ่างทอง,38.94344440409299,62.54576429249655,2026-01-17 05:00:00
น่าน,31.86257538079863,36.20577896255242,2026-01-17 05:00:00
นครปฐม,25.996158077510444,50.154636072081935,2026-01-17 05:00:00
หนองบัวลำภู,59.41215086218673,49.870202772161214,2026-01-17 05:00:00
ลพบุรี,45.91331107382671,59.940174831653486,2026-01-17 05:00:00
ขอนแก่น,65.90871830767041,55.57810405021849,2026-01-17 05:00:00
สุรินทร์,57.87307091067718,55.74776043364446,2026-01-17 05:00:00
อุบลราชธานี,62.06310290288437,49.98117346171325,2026-01-17 05:00:00
สุราษฎร์ธานี,21.627018772846125,18.320680332629934,2026-01-17 05:00:00
ศรีสะเกษ,59.50464044175781,50.464791577327325,2026-01-17 05:00:00
นครพนม,57.02273566657393,44.735543637308865,2026-01-17 05:00:00
ชัยภูมิ,52.679788275230756,51.486886517872385,2026-01-17 05:00:00
พระนครศรีอยุธยา,31.621761291798855,58.55638435736828,2026-01-17 05:00:00
ตราด,33.07727186430194,43.055219890135476,2026-01-17 05:00:00
หนองคาย,77.27769431718568,63.50701526133787,2026-01-17 05:00:00
ร้อยเอ็ด,71.1594005046743,55.484609522195036,2026-01-17 05:00:00
บึงกาฬ,37.03622934754321,38.52434425454667,2026-01-17 05:00:00
มุกดาหาร,62.75381082924162,45.180971258474436,2026-01-17 05:00:00
นนทบุรี,21.188699955199617,47.49310296421433,2026-01-17 05:00:00
สระบุรี,45.754543235480206,57.987366834055535,2026-01-17 05:00:00
พะเยา,26.1907610669481,28.573147322821356,2026-01-17 05:00:00
พิษณุโลก,51.83397988443802,52.94874547087227,2026-01-17 05:00:00
นครราชสีมา,49.128463190431,50.59088737179933,2026-01-17 05:00:00
ฉะเชิงเทรา,28.256472061576417,51.276569899537414,2026-01-17 05:00:00
ชุมพร,23.83838512138706,18.056002418825457,2026-01-17 05:00:00
กรุงเทพมหานคร,20.526936674433344,49.338295040991575,2026-01-17 05:00:00
นครนายก,33.243482337734115,44.20313293304083,2026-01-17 05:00:00
พังงา,25.46187974469214,18.099673965534734,2026-01-17 05:00:00
พัทลุง,35.67917473866745,19.089901710247297,2026-01-17 05:00:00
เพชรบูรณ์,47.073945578205844,52.30030553898451,2026-01-17 05:00:00
เชียงใหม่,14.154723111643579,19.981360952197303,2026-01-17 05:00:00
ปราจีนบุรี,37.14006057565492,50.97951911352329,2026-01-17 05:00:00
ยโสธร,61.63923250248396,47.86334455421963,2026-01-17 05:00:00
ปทุมธานี,24.074069804000427,51.336417570276325,2026-01-17 05:00:00
สุพรรณบุรี,31.730629178594118,53.156346143770996,2026-01-17 05:00:00
อุทัยธานี,40.23913089257569,50.84133531157315,2026-01-17 05:00:00
สมุทรสาคร,19.085027035618108,45.3426595575364,2026-01-17 05:00:00
ประจวบคีรีขันธ์,21.050788062261518,40.70068379727667,2026-01-17 05:00:00
ระนอง,23.56942531307757,17.894521475201305,2026-01-17 05:00:00
อุตรดิตถ์,39.14484052030334,46.82386308155256,2026-01-17 05:00:00
แพร่,30.474670790241873,36.84979736628254,2026-01-17 05:00:00
ระยอง,22.071425860488883,43.07747773590726,2026-01-17 05:00:00
เลย,50.55730620597232,47.793472531296565,2026-01-17 05:00:00
สิงห์บุรี,60.83532889686542,68.58293900380494,2026-01-17 05:00:00
อำนาจเจริญ,59.70816608745874,45.3770074504509,2026-01-17 05:00:00
พิจิตร,50.522224851469495,53.108629085664965,2026-01-17 05:00:00
แม่ฮ่องสอน,11.064501000353355,18.092561080188567,2026-01-17 06:00:00
ตาก,33.61569223466067,38.07083254258613,2026-01-17 06:00:00
เลย,51.707143310203286,47.862766494344605,2026-01-17 06:00:00
ตรัง,29.005146667284734,22.905191012244753,2026-01-17 06:00:00
ตราด,33.35013681099732,42.821973522965294,2026-01-17 06:00:00
น่าน,32.34749152392018,36.277294662824445,2026-01-17 06:00:00
ยะลา,28.999781975185357,21.134395457576932,2026-01-17 06:00:00
สตูล,24.437028306892504,17.2103046081167,2026-01-17 06:00:00
แพร่,30.402483925842027,36.53984204278115,2026-01-17 06:00:00
ชุมพร,23.553953316967394,18.171064117603365,2026-01-17 06:00:00
พะเยา,26.107631995407388,28.345312817409816,2026-01-17 06:00:00
พังงา,23.90532803434031,18.083042847597728,2026-01-17 06:00:00
ยโสธร,64.29934330824506,47.96582473234681,2026-01-17 06:00:00
ระนอง,23.564017321429162,17.744140885291667,2026-01-17 06:00:00
ระยอง,24.2153706678949,42.111575594113,2026-01-17 06:00:00
ลำปาง,26.384549786814844,30.141087022737747,2026-01-17 06:00:00
ลำพูน,23.75297156884245,29.455114881376502,2026-01-17 06:00:00
สงขลา,24.70055558648675,17.839915159622304,2026-01-17 06:00:00
กระบี่,28.450721895908746,20.0952414390847,2026-01-17 06:00:00
ชลบุรี,25.078381266135118,46.89769426555093,2026-01-17 06:00:00
ชัยนาท,58.947444466985985,63.61461030330732,2026-01-17 06:00:00
นครปฐม,28.359451021214454,49.2066878054925,2026-01-17 06:00:00
นครพนม,61.38939402960208,45.40619471553262,2026-01-17 06:00:00
บึงกาฬ,44.72333644381855,38.742991382642415,2026-01-17 06:00:00
พัทลุง,28.967057876941105,19.682962822279467,2026-01-17 06:00:00
พิจิตร,50.88429233337819,52.976000618591904,2026-01-17 06:00:00
ภูเก็ต,29.00592699544766,19.51695725874725,2026-01-17 06:00:00
ลพบุรี,49.20816189105097,59.28946490908489,2026-01-17 06:00:00
สกลนคร,56.27442111428777,45.55609025813707,2026-01-17 06:00:00
ขอนแก่น,68.33394418021538,56.02400001741691,2026-01-17 06:00:00
ชัยภูมิ,54.147647775886476,51.55488964902105,2026-01-17 06:00:00
นครนายก,36.054976465426435,43.984390304497204,2026-01-17 06:00:00
นนทบุรี,22.69976686541714,46.55258985542892,2026-01-17 06:00:00
ปัตตานี,29.01624899459126,19.27732032883049,2026-01-17 06:00:00
ราชบุรี,27.520193006218793,45.77925861206396,2026-01-17 06:00:00
สระบุรี,50.524478440195594,57.3566189727321,2026-01-17 06:00:00
สระแก้ว,38.91040472979751,48.17173645991974,2026-01-17 06:00:00
สุโขทัย,35.70266369371146,42.928735000726796,2026-01-17 06:00:00
หนองคาย,78.23058033091947,63.257936624534004,2026-01-17 06:00:00
อ่างทอง,44.090524513946704,61.3773510221374,2026-01-17 06:00:00
จันทบุรี,29.53574409579667,42.11069263067331,2026-01-17 06:00:00
นราธิวาส,25.243317663391558,18.683271908599256,2026-01-17 06:00:00
ปทุมธานี,24.973137809806303,50.20608743669374,2026-01-17 06:00:00
พิษณุโลก,51.823628582758616,52.74342825734181,2026-01-17 06:00:00
มุกดาหาร,70.52112933990429,46.224389107089365,2026-01-17 06:00:00
ร้อยเอ็ด,73.73257436272156,55.56144826969543,2026-01-17 06:00:00
ศรีสะเกษ,61.605497105148956,50.37104716192449,2026-01-17 06:00:00
สุรินทร์,60.184098399922696,55.34710624542757,2026-01-17 06:00:00
อุดรธานี,72.07123442073974,55.98613654136428,2026-01-17 06:00:00
เชียงราย,16.161810641384346,20.69074252210699,2026-01-17 06:00:00
เพชรบุรี,23.77957477250282,41.424122091969,2026-01-17 06:00:00
กาญจนบุรี,31.227922447239226,45.827279217245604,2026-01-17 06:00:00
กาฬสินธุ์,73.0099547705452,58.48928819839109,2026-01-17 06:00:00
กำแพงเพชร,41.14306481560396,45.469231843997015,2026-01-17 06:00:00
นครสวรรค์,46.3628795766055,53.343421052368676,2026-01-17 06:00:00
บุรีรัมย์,52.91973459278112,53.11500489106712,2026-01-17 06:00:00
มหาสารคาม,77.11035034972868,59.34977762499386,2026-01-17 06:00:00
สมุทรสาคร,23.413461847744177,44.31457566585638,2026-01-17 06:00:00
สิงห์บุรี,63.56895866421198,67.87791910755715,2026-01-17 06:00:00
อุตรดิตถ์,41.50308422553927,46.620569792676974,2026-01-17 06:00:00
อุทัยธานี,41.94043019296175,50.195198254308565,2026-01-17 06:00:00
เชียงใหม่,14.589954700665567,19.969834974395035,2026-01-17 06:00:00
เพชรบูรณ์,46.44268496896358,51.919610165515884,2026-01-17 06:00:00
ฉะเชิงเทรา,29.034998104498563,50.199841314556416,2026-01-17 06:00:00
นครราชสีมา,51.9680017262575,50.380079464993145,2026-01-17 06:00:00
ปราจีนบุรี,38.897703242668285,50.3781282991071,2026-01-17 06:00:00
สุพรรณบุรี,33.97168756772145,52.3107279369079,2026-01-17 06:00:00
อำนาจเจริญ,67.35143767709629,45.983432853765784,2026-01-17 06:00:00
สมุทรปราการ,19.16208769282926,45.97969165271388,2026-01-17 06:00:00
สมุทรสงคราม,25.733484192159434,45.46259733108289,2026-01-17 06:00:00
หนองบัวลำภู,60.781325897921285,50.18340530558794,2026-01-17 06:00:00
อุบลราชธานี,65.13795265503506,50.08553907985701,2026-01-17 06:00:00
สุราษฎร์ธานี,20.781125467668044,18.020133393304352,2026-01-17 06:00:00
กรุงเทพมหานคร,22.383456002446046,48.29626746909877,2026-01-17 06:00:00
นครศรีธรรมราช,23.801690891649802,18.164800075485577,2026-01-17 06:00:00
ประจวบคีรีขันธ์,22.208837450417644,39.706030654940285,2026-01-17 06:00:00
พระนครศรีอยุธยา,35.409746348793234,57.333341025963165,2026-01-17 06:00:00
พะเยา,26.937301558809548,28.418327758636476,2026-01-17 07:00:00
ลำปาง,25.854643784975632,30.026634228555185,2026-01-17 07:00:00
ลพบุรี,49.56296300763142,58.519610304685266,2026-01-17 07:00:00
เพชรบุรี,25.14401777405042,40.35218206127198,2026-01-17 07:00:00
นครนายก,37.55276255291397,43.726416795584186,2026-01-17 07:00:00
บุรีรัมย์,55.54805988924859,52.862095967731925,2026-01-17 07:00:00
ชลบุรี,24.396327028213975,45.37561247964589,2026-01-17 07:00:00
กาญจนบุรี,30.62753612537929,44.81678251825744,2026-01-17 07:00:00
เลย,50.9210134583213,47.89347007027586,2026-01-17 07:00:00
นนทบุรี,22.783493608664454,45.44449687366616,2026-01-17 07:00:00
กระบี่,33.20053099052022,20.372007205728764,2026-01-17 07:00:00
กรุงเทพมหานคร,23.179534839783123,47.086730480395765,2026-01-17 07:00:00
หนองคาย,79.05864447231897,63.12343129025073,2026-01-17 07:00:00
นครศรีธรรมราช,33.16286024064961,18.52546118985273,2026-01-17 07:00:00
กาฬสินธุ์,74.94160265205794,58.74213055353892,2026-01-17 07:00:00
แม่ฮ่องสอน,10.515686884166081,18.068178155358652,2026-01-17 07:00:00
พระนครศรีอยุธยา,37.083829442590904,55.926588449816244,2026-01-17 07:00:00
ชุมพร,20.092757323094798,18.00395983209682,2026-01-17 07:00:00
สุราษฎร์ธานี,30.35161184757987,18.07129370636754,2026-01-17 07:00:00
กำแพงเพชร,39.20746182113675,45.473166046619234,2026-01-17 07:00:00
เชียงใหม่,12.852956193027529,19.939102304456892,2026-01-17 07:00:00
สงขลา,27.591162267706117,18.09730138991463,2026-01-17 07:00:00
สกลนคร,54.56771741877368,45.72540829698017,2026-01-17 07:00:00
ลำพูน,19.825017388393924,29.20135523765379,2026-01-17 07:00:00
ตราด,36.90645963198941,42.6184702473426,2026-01-17 07:00:00
สตูล,33.13837230292503,17.872799226761362,2026-01-17 07:00:00
นครสวรรค์,45.64278483334029,52.61757134404047,2026-01-17 07:00:00
ยโสธร,62.68460150589748,48.23334511604582,2026-01-17 07:00:00
อุทัยธานี,41.609754469395476,49.3637700519805,2026-01-17 07:00:00
ปราจีนบุรี,39.24941241812386,49.621256653911956,2026-01-17 07:00:00
ตาก,31.9826498573561,37.740736152165766,2026-01-17 07:00:00
ยะลา,33.18582320281343,21.358316867487414,2026-01-17 07:00:00
สมุทรปราการ,19.992056187550403,44.71676678922629,2026-01-17 07:00:00
พังงา,29.163356249155772,18.17736611863236,2026-01-17 07:00:00
นราธิวาส,33.180363858695266,19.221154166404556,2026-01-17 07:00:00
จันทบุรี,31.415113800057107,41.36679792046008,2026-01-17 07:00:00
ปทุมธานี,27.26209865327804,49.0557252517827,2026-01-17 07:00:00
พัทลุง,32.31457738767948,20.350739536090227,2026-01-17 07:00:00
ราชบุรี,29.33035748859822,44.74421675473832,2026-01-17 07:00:00
ขอนแก่น,70.87750016164898,56.552411042211816,2026-01-17 07:00:00
ระนอง,20.30268684202818,17.443628818133217,2026-01-17 07:00:00
เพชรบูรณ์,46.4388427131124,51.62951363822108,2026-01-17 07:00:00
สระแก้ว,38.40039935330155,47.445522579736995,2026-01-17 07:00:00
พิษณุโลก,51.96816228856556,52.65052391694116,2026-01-17 07:00:00
สุโขทัย,36.23111918942488,42.71280951978903,2026-01-17 07:00:00
ตรัง,33.179679796076535,23.078041332916303,2026-01-17 07:00:00
ฉะเชิงเทรา,30.428826289850264,48.96969473299052,2026-01-17 07:00:00
อุตรดิตถ์,40.206670148448914,46.403854440516874,2026-01-17 07:00:00
สระบุรี,51.5144009295553,56.64117990833083,2026-01-17 07:00:00
บึงกาฬ,42.96530692255878,38.94970699221735,2026-01-17 07:00:00
มุกดาหาร,68.6378681771979,47.55738890565956,2026-01-17 07:00:00
สุพรรณบุรี,33.76728272469597,51.13012534258207,2026-01-17 07:00:00
ชัยภูมิ,54.913137473978885,51.59982813527072,2026-01-17 07:00:00
ภูเก็ต,33.231674518496774,19.992174888403138,2026-01-17 07:00:00
สมุทรสงคราม,29.639687223412896,44.586570623101075,2026-01-17 07:00:00
นครราชสีมา,52.64170085699876,50.22995153919239,2026-01-17 07:00:00
ร้อยเอ็ด,75.06097833944119,55.62882451171331,2026-01-17 07:00:00
นครพนม,61.649380352375665,46.20430697961226,2026-01-17 07:00:00
ปัตตานี,33.16180723393822,20.026574530717326,2026-01-17 07:00:00
สิงห์บุรี,61.95242573675297,66.94049084803726,2026-01-17 07:00:00
ระยอง,22.95944374101704,40.90040378339898,2026-01-17 07:00:00
ศรีสะเกษ,64.3253106293801,50.43305133087147,2026-01-17 07:00:00
แพร่,30.560723951804828,36.17709917508511,2026-01-17 07:00:00
อุบลราชธานี,64.12287231454634,50.34525657448287,2026-01-17 07:00:00
สมุทรสาคร,24.53050297871011,43.22072841532844,2026-01-17 07:00:00
สุรินทร์,60.38115868867393,54.95835790787481,2026-01-17 07:00:00
หนองบัวลำภู,64.86288936680387,50.766945460201065,2026-01-17 07:00:00
อ่างทอง,44.65927005357978,59.9246950453339,2026-01-17 07:00:00
นครปฐม,28.307691577305082,48.039346624965425,2026-01-17 07:00:00
พิจิตร,51.73944769946604,52.84804122974774,2026-01-17 07:00:00
อุดรธานี,70.12778968332682,56.3344033031343,2026-01-17 07:00:00
ชัยนาท,60.99886815833954,62.856615031684804,2026-01-17 07:00:00
มหาสารคาม,79.36160265411337,59.71779360568175,2026-01-17 07:00:00
อำนาจเจริญ,62.97413730389376,46.85912336111782,2026-01-17 07:00:00
น่าน,32.17151527653507,36.277549134605444,2026-01-17 07:00:00
ประจวบคีรีขันธ์,22.174327572695304,38.61621434074925,2026-01-17 07:00:00
เชียงราย,17.59572788771142,20.79467292025784,2026-01-17 07:00:00
อ่างทอง,52.82245709004624,58.71175695617472,2026-01-17 08:00:00
สกลนคร,52.43275127525809,45.913693328916004,2026-01-17 08:00:00
สระบุรี,56.851272145452214,56.159838480203,2026-01-17 08:00:00
พระนครศรีอยุธยา,43.45800343376658,54.74395795453784,2026-01-17 08:00:00
ชลบุรี,33.15509502572366,44.450408327119845,2026-01-17 08:00:00
พิษณุโลก,51.25687158481193,52.363912741967205,2026-01-17 08:00:00
หนองคาย,72.69797416177217,62.59032879107365,2026-01-17 08:00:00
เพชรบุรี,30.33803532437475,39.65549730462353,2026-01-17 08:00:00
กรุงเทพมหานคร,28.259733756710663,46.18934567052696,2026-01-17 08:00:00
นครราชสีมา,56.23651707916803,50.24360303654152,2026-01-17 08:00:00
ศรีสะเกษ,64.75962681419618,50.72013876140073,2026-01-17 08:00:00
อุตรดิตถ์,41.11420728776762,46.25847436901736,2026-01-17 08:00:00
เลย,52.116150025700605,47.91619776729802,2026-01-17 08:00:00
ชัยนาท,63.2283539395103,62.09313244959318,2026-01-17 08:00:00
กระบี่,44.341404263064206,21.331220742520582,2026-01-17 08:00:00
สตูล,40.69998350390582,18.84650714703613,2026-01-17 08:00:00
อุบลราชธานี,66.36662768025685,50.92997183640733,2026-01-17 08:00:00
กาญจนบุรี,34.41769546176116,44.00440882577852,2026-01-17 08:00:00
แม่ฮ่องสอน,9.27256597741126,18.053267921559982,2026-01-17 08:00:00
สมุทรสาคร,27.36846785934036,42.3938963072512,2026-01-17 08:00:00
สุราษฎร์ธานี,33.37882706401753,18.393190994915937,2026-01-17 08:00:00
บุรีรัมย์,55.301523400799546,52.74413542513997,2026-01-17 08:00:00
นครนายก,39.04758931132361,43.5553441607328,2026-01-17 08:00:00
ภูเก็ต,44.64323656237591,21.058628672095143,2026-01-17 08:00:00
ชัยภูมิ,56.4926603260115,51.627973698607384,2026-01-17 08:00:00
ลำพูน,19.439792940908717,28.939360043393766,2026-01-17 08:00:00
พิจิตร,50.26913568061374,52.5053101173931,2026-01-17 08:00:00
ชุมพร,22.572009844035467,18.001268533116058,2026-01-17 08:00:00
พังงา,31.64533806024744,18.531792164209026,2026-01-17 08:00:00
ปัตตานี,44.5365883987224,21.350988831293648,2026-01-17 08:00:00
กาฬสินธุ์,76.52173316602608,59.01770740517938,2026-01-17 08:00:00
สมุทรสงคราม,35.01194509675319,43.94942101764562,2026-01-17 08:00:00
สงขลา,29.98581392322186,18.77882521117406,2026-01-17 08:00:00
ลำปาง,24.08036151604737,29.892758599173927,2026-01-17 08:00:00
มุกดาหาร,66.20219114075745,48.69219334225463,2026-01-17 08:00:00
กำแพงเพชร,36.789487470600704,45.09332942324382,2026-01-17 08:00:00
ระนอง,24.820389740937113,17.37835678824183,2026-01-17 08:00:00
อำนาจเจริญ,60.174178876630855,47.717829929673485,2026-01-17 08:00:00
สุรินทร์,63.1674428589099,54.75007894009074,2026-01-17 08:00:00
หนองบัวลำภู,53.40407895516561,50.6711274108137,2026-01-17 08:00:00
เชียงใหม่,12.025044800983453,19.937849497587056,2026-01-17 08:00:00
แพร่,29.25238493390642,36.06551560094483,2026-01-17 08:00:00
นครปฐม,29.85230539410104,47.05437122915765,2026-01-17 08:00:00
สิงห์บุรี,64.0846872088047,66.05214612671317,2026-01-17 08:00:00
บึงกาฬ,41.13379535253005,39.20863980491122,2026-01-17 08:00:00
ตรัง,44.55622262742078,24.366426103712925,2026-01-17 08:00:00
ตราด,37.33476754019199,42.39724288910633,2026-01-17 08:00:00
นครศรีธรรมราช,43.59051656398075,19.38784189653838,2026-01-17 08:00:00
สระแก้ว,44.91395246324614,47.02471714383369,2026-01-17 08:00:00
นครสวรรค์,46.1431800782226,51.84949642641186,2026-01-17 08:00:00
นครพนม,63.071682609445155,47.21884315873543,2026-01-17 08:00:00
อุทัยธานี,43.980383631448305,48.59701604015532,2026-01-17 08:00:00
ยโสธร,63.731577036552245,48.677012595083056,2026-01-17 08:00:00
จันทบุรี,34.33038320676001,40.69790990297341,2026-01-17 08:00:00
เชียงราย,15.418561248778033,20.883142221714085,2026-01-17 08:00:00
เพชรบูรณ์,49.77804935501484,51.35640336273443,2026-01-17 08:00:00
ยะลา,44.51447480309194,22.362195062716722,2026-01-17 08:00:00
มหาสารคาม,80.70566542961329,60.16048529861151,2026-01-17 08:00:00
ร้อยเอ็ด,76.89650816827266,55.800515632569365,2026-01-17 08:00:00
สุพรรณบุรี,37.12459137201358,50.11571946893162,2026-01-17 08:00:00
ลพบุรี,55.91486546962462,58.02681464393313,2026-01-17 08:00:00
สมุทรปราการ,25.811318511548244,43.853859315904536,2026-01-17 08:00:00
ประจวบคีรีขันธ์,26.864266188309482,37.9164895409563,2026-01-17 08:00:00
ฉะเชิงเทรา,37.90304682052173,48.07797086924315,2026-01-17 08:00:00
อุดรธานี,64.335576207843,56.29468790428439,2026-01-17 08:00:00
นราธิวาส,44.60804478818196,20.310549270376214,2026-01-17 08:00:00
น่าน,31.371220598946472,36.228999291083845,2026-01-17 08:00:00
พัทลุง,39.884873618226216,21.448570495123565,2026-01-17 08:00:00
ราชบุรี,34.41789316963512,43.97467107555653,2026-01-17 08:00:00
ปราจีนบุรี,44.19868359739536,49.002555210116434,2026-01-17 08:00:00
ขอนแก่น,69.64154117288997,56.97553496384919,2026-01-17 08:00:00
นนทบุรี,26.32802625189106,44.56461595344562,2026-01-17 08:00:00
ตาก,31.031121687279587,37.33449983242125,2026-01-17 08:00:00
ปทุมธานี,32.57500856252922,48.19135967390881,2026-01-17 08:00:00
ระยอง,26.999932034533305,39.791872977130076,2026-01-17 08:00:00
สุโขทัย,35.27117688465197,42.419472427257304,2026-01-17 08:00:00
พะเยา,25.49701591811334,28.434275814753878,2026-01-17 08:00:00
สงขลา,28.506296692747615,18.886535510196655,2026-01-17 09:00:00
พะเยา,22.17395737278961,28.217841195962848,2026-01-17 09:00:00
ชุมพร,25.576407070198062,18.149924900099034,2026-01-17 09:00:00
นครราชสีมา,55.90631719277535,50.11045585005764,2026-01-17 09:00:00
ปราจีนบุรี,44.28948270262284,48.287510520195845,2026-01-17 09:00:00
สมุทรสงคราม,39.470237396083895,43.355213031387024,2026-01-17 09:00:00
ตาก,32.314554062357345,36.931713954297095,2026-01-17 09:00:00
พิจิตร,46.99137949465521,52.09002691201792,2026-01-17 09:00:00
สุพรรณบุรี,37.43417877128519,49.081199379188824,2026-01-17 09:00:00
แพร่,25.27857295842173,35.77585156521611,2026-01-17 09:00:00
อำนาจเจริญ,70.54381665751046,49.02471575393118,2026-01-17 09:00:00
แม่ฮ่องสอน,10.287228976987853,18.061951491056686,2026-01-17 09:00:00
สตูล,38.138618727678285,19.91189958751279,2026-01-17 09:00:00
กรุงเทพมหานคร,31.612583665595206,45.24309689548079,2026-01-17 09:00:00
สมุทรปราการ,30.443980730124416,43.086666821159724,2026-01-17 09:00:00
ยะลา,41.08145418567182,23.261988019887156,2026-01-17 09:00:00
สุโขทัย,33.27321800724442,42.12254469271955,2026-01-17 09:00:00
นราธิวาส,41.09498829591967,21.367075146831354,2026-01-17 09:00:00
ราชบุรี,35.11108951281727,43.15185021262344,2026-01-17 09:00:00
พัทลุง,37.585633064088235,22.504979875711914,2026-01-17 09:00:00
ปทุมธานี,36.466751184429846,47.34270145025974,2026-01-17 09:00:00
พิษณุโลก,51.45532605533146,52.08748501837027,2026-01-17 09:00:00
สระบุรี,56.505822638306064,55.60047573778504,2026-01-17 09:00:00
ชัยภูมิ,54.87377399171309,51.412593421854446,2026-01-17 09:00:00
บึงกาฬ,43.416647727446474,39.68100790766324,2026-01-17 09:00:00
ปัตตานี,41.11588034750647,22.044970160855375,2026-01-17 09:00:00
มุกดาหาร,72.45333514824739,49.99024015428574,2026-01-17 09:00:00
นครพนม,73.56746983798912,48.71443675841574,2026-01-17 09:00:00
ลพบุรี,56.833640434586044,57.46033629176011,2026-01-17 09:00:00
ร้อยเอ็ด,79.57730825460321,56.29416759229306,2026-01-17 09:00:00
สกลนคร,56.02813186132845,46.27197721060826,2026-01-17 09:00:00
ตรัง,41.05269216470589,24.926994232871284,2026-01-17 09:00:00
ศรีสะเกษ,70.7138965476528,51.387033172009865,2026-01-17 09:00:00
นครปฐม,30.76561380633893,46.06225260061975,2026-01-17 09:00:00
สุรินทร์,64.1275164148122,54.442380220672256,2026-01-17 09:00:00
อุดรธานี,61.66698357652093,56.03862444375256,2026-01-17 09:00:00
ชัยนาท,67.9965248787039,61.482920088540176,2026-01-17 09:00:00
เลย,54.96669400266702,48.05139821390523,2026-01-17 09:00:00
เชียงราย,15.206440733421069,20.905057540007938,2026-01-17 09:00:00
หนองคาย,70.16278841846639,61.90823186513389,2026-01-17 09:00:00
นนทบุรี,28.403929339327416,43.653767594179165,2026-01-17 09:00:00
ชลบุรี,38.633584909395566,43.776695970560276,2026-01-17 09:00:00
เพชรบุรี,32.867310678005715,39.0244489152092,2026-01-17 09:00:00
กระบี่,39.11013329364639,22.093674269064234,2026-01-17 09:00:00
กาญจนบุรี,35.55326030005555,43.16789092202714,2026-01-17 09:00:00
นครนายก,39.20812968690204,43.32610967471181,2026-01-17 09:00:00
กาฬสินธุ์,76.71905415974551,59.16561698845508,2026-01-17 09:00:00
กำแพงเพชร,35.36042456738154,44.37063318323708,2026-01-17 09:00:00
นครศรีธรรมราช,37.955927162426214,20.09150780026847,2026-01-17 09:00:00
สุราษฎร์ธานี,26.7001667183316,18.437685967964978,2026-01-17 09:00:00
ขอนแก่น,68.84136166601957,57.290123057757036,2026-01-17 09:00:00
นครสวรรค์,46.81856749267432,51.21947398966907,2026-01-17 09:00:00
ลำพูน,27.980837904467833,28.92475333031841,2026-01-17 09:00:00
บุรีรัมย์,54.89564527526073,52.39633079257455,2026-01-17 09:00:00
อุบลราชธานี,76.77473788808291,51.96641061382649,2026-01-17 09:00:00
มหาสารคาม,81.86380138561674,60.583230869579246,2026-01-17 09:00:00
ลำปาง,22.69853183720143,29.639966556337736,2026-01-17 09:00:00
พระนครศรีอยุธยา,44.03217785492286,53.64047497479831,2026-01-17 09:00:00
สมุทรสาคร,28.3614730838404,41.52788011354074,2026-01-17 09:00:00
ภูเก็ต,41.10724179440284,21.92321937636797,2026-01-17 09:00:00
ระยอง,31.487051629913037,39.03986562848741,2026-01-17 09:00:00
อ่างทอง,54.35116470829394,57.64642479260553,2026-01-17 09:00:00
สิงห์บุรี,67.70707278640414,65.06382772919416,2026-01-17 09:00:00
ระนอง,26.865128375304824,17.406313419664258,2026-01-17 09:00:00
ตราด,38.09555560237178,41.85077587644775,2026-01-17 09:00:00
อุตรดิตถ์,41.20158504652188,46.17411822907749,2026-01-17 09:00:00
ยโสธร,69.76404442604809,49.39181581578123,2026-01-17 09:00:00
สระแก้ว,47.15377640114783,46.63847933516286,2026-01-17 09:00:00
อุทัยธานี,45.6398800939401,47.86997232559056,2026-01-17 09:00:00
เชียงใหม่,15.466136207697769,20.048221288534446,2026-01-17 09:00:00
น่าน,30.598770763391972,36.11021548804417,2026-01-17 09:00:00
เพชรบูรณ์,51.154839488690065,50.97393778068738,2026-01-17 09:00:00
พังงา,27.104880279708944,18.69077256823736,2026-01-17 09:00:00
จันทบุรี,35.53423583221657,40.1413944897517,2026-01-17 09:00:00
ประจวบคีรีขันธ์,30.513401499789385,37.316779514700066,2026-01-17 09:00:00
หนองบัวลำภู,50.96262125534653,50.5296052490804,2026-01-17 09:00:00
ฉะเชิงเทรา,40.93435305043358,47.16612633764145,2026-01-17 09:00:00
ลำปาง,21.484402331842148,29.259105073673396,2026-01-17 10:00:00
นครนายก,37.22653562990974,42.91515794595177,2026-01-17 10:00:00
สุรินทร์,65.70573181714488,54.25565176240175,2026-01-17 10:00:00
ระยอง,36.86718737949081,38.40439457996268,2026-01-17 10:00:00
สมุทรสงคราม,43.15274548932123,42.54899650103527,2026-01-17 10:00:00
นครศรีธรรมราช,18.9348784953583,19.952368133657032,2026-01-17 10:00:00
นครปฐม,34.58171906935727,45.12243608084825,2026-01-17 10:00:00
สุโขทัย,28.77038613681165,41.64351489347837,2026-01-17 10:00:00
หนองคาย,55.897185938380005,60.718315795945784,2026-01-17 10:00:00
ราชบุรี,44.28718370934439,42.64316196434334,2026-01-17 10:00:00
สมุทรสาคร,41.888948099233794,40.88978908015842,2026-01-17 10:00:00
ปัตตานี,18.035395436877213,21.57146784832214,2026-01-17 10:00:00
สิงห์บุรี,41.472013108352236,63.041024656867116,2026-01-17 10:00:00
ศรีสะเกษ,62.0611022950759,51.75649189677585,2026-01-17 10:00:00
ประจวบคีรีขันธ์,32.44850705061136,36.69411693556216,2026-01-17 10:00:00
ชัยภูมิ,56.43697817122874,51.2738923939975,2026-01-17 10:00:00
นครพนม,52.574987320252376,49.217218427469426,2026-01-17 10:00:00
ตรัง,18.943933177877945,24.54908494021004,2026-01-17 10:00:00
พะเยา,29.211780433334177,28.21714883773549,2026-01-17 10:00:00
ร้อยเอ็ด,67.30453677713663,56.55784185656088,2026-01-17 10:00:00
หนองบัวลำภู,45.02297147808607,50.24802546356573,2026-01-17 10:00:00
พังงา,19.935107126955092,18.445878384692342,2026-01-17 10:00:00
เพชรบูรณ์,54.732041884786476,50.870681769834526,2026-01-17 10:00:00
สกลนคร,50.39140059250057,46.42199878899215,2026-01-17 10:00:00
อุตรดิตถ์,36.920539163800555,45.88926056953764,2026-01-17 10:00:00
บึงกาฬ,41.803108963034305,39.92369899421451,2026-01-17 10:00:00
มุกดาหาร,49.687148752770774,50.40795203806272,2026-01-17 10:00:00
พัทลุง,21.655381864564582,22.006205561265915,2026-01-17 10:00:00
ชุมพร,18.04644581103261,17.920897459430634,2026-01-17 10:00:00
ตราด,40.157869125336525,41.48553013411131,2026-01-17 10:00:00
พิษณุโลก,44.417096950998975,51.638041943346984,2026-01-17 10:00:00
ระนอง,17.953406724175164,17.074775840967565,2026-01-17 10:00:00
ภูเก็ต,21.532917287630912,21.49158596746273,2026-01-17 10:00:00
น่าน,26.567096158852536,35.64233680300213,2026-01-17 10:00:00
อุทัยธานี,37.2301629470099,46.849532689359926,2026-01-17 10:00:00
ปทุมธานี,26.37382575899291,45.89215409114369,2026-01-17 10:00:00
อุบลราชธานี,60.311500200319536,52.37840934480996,2026-01-17 10:00:00
นครราชสีมา,56.15566125281499,49.919028945864845,2026-01-17 10:00:00
สมุทรปราการ,35.56937758792704,42.29561924580258,2026-01-17 10:00:00
แม่ฮ่องสอน,27.17626966312014,18.725985228370885,2026-01-17 10:00:00
จันทบุรี,45.266237530576696,39.94749569697168,2026-01-17 10:00:00
นราธิวาส,20.111096589336288,21.399943450484745,2026-01-17 10:00:00
สระบุรี,39.94094135729012,54.34949501011783,2026-01-17 10:00:00
สตูล,20.75277218157673,20.11459197382831,2026-01-17 10:00:00
ตาก,26.506438933334717,36.17207083743812,2026-01-17 10:00:00
พระนครศรีอยุธยา,33.26407256373202,52.304430230033354,2026-01-17 10:00:00
ยโสธร,57.66679268047404,49.97183480340998,2026-01-17 10:00:00
แพร่,29.696851225413745,35.596686707637254,2026-01-17 10:00:00
อำนาจเจริญ,58.105090792205125,49.83466123567661,2026-01-17 10:00:00
พิจิตร,46.58230214777992,51.73812805167301,2026-01-17 10:00:00
นครสวรรค์,45.87939693724499,50.54950436455862,2026-01-17 10:00:00
ยะลา,19.18217277538782,23.111688250333682,2026-01-17 10:00:00
ฉะเชิงเทรา,47.047421564592184,46.45948195841955,2026-01-17 10:00:00
ขอนแก่น,52.28139718984579,56.94780359332784,2026-01-17 10:00:00
เชียงใหม่,23.55316422640232,20.42441793699506,2026-01-17 10:00:00
ลำพูน,20.563209004519727,28.552454152529133,2026-01-17 10:00:00
สงขลา,20.21722986424755,18.624283270194557,2026-01-17 10:00:00
กำแพงเพชร,34.98729115611975,43.494019790930714,2026-01-17 10:00:00
เลย,38.9239579006203,47.54149091409107,2026-01-17 10:00:00
กระบี่,21.487325168991344,22.169157486587256,2026-01-17 10:00:00
อ่างทอง,40.33167130120924,56.26730467116861,2026-01-17 10:00:00
กาฬสินธุ์,50.14557147692871,58.41380302714458,2026-01-17 10:00:00
สุพรรณบุรี,38.38904286892069,48.08998540811286,2026-01-17 10:00:00
กาญจนบุรี,44.95494487958515,42.68177243164965,2026-01-17 10:00:00
เพชรบุรี,39.132869961345925,38.532883796736016,2026-01-17 10:00:00
บุรีรัมย์,60.2357155683968,52.08537117214545,2026-01-17 10:00:00
สุราษฎร์ธานี,18.309375846340718,18.0586566301066,2026-01-17 10:00:00
ลพบุรี,49.23698678038496,56.53324485496814,2026-01-17 10:00:00
มหาสารคาม,60.16431023740142,60.15738096982138,2026-01-17 10:00:00
กรุงเทพมหานคร,29.44546426361534,43.94950731922924,2026-01-17 10:00:00
นนทบุรี,25.43781301101163,42.440062096191404,2026-01-17 10:00:00
เชียงราย,26.437915197065454,21.202466405082443,2026-01-17 10:00:00
ชลบุรี,40.646189245767204,43.111418662345976,2026-01-17 10:00:00
ชัยนาท,45.27844979289772,60.11944761567923,2026-01-17 10:00:00
อุดรธานี,48.31564764529098,55.242377053431596,2026-01-17 10:00:00
สระแก้ว,57.349694833827385,46.61083688180682,2026-01-17 10:00:00
ปราจีนบุรี,54.909203358080134,47.982179693100626,2026-01-17 10:00:00
กาญจนบุรี,36.247440459652395,41.64094285809538,2026-01-17 11:00:00
สกลนคร,59.06799213731324,47.03308511147147,2026-01-17 11:00:00
ตรัง,16.241955630782446,23.70368193844341,2026-01-17 11:00:00
สระแก้ว,41.847839502915974,45.786897220550486,2026-01-17 11:00:00
พระนครศรีอยุธยา,37.845377718364276,50.9562289835605,2026-01-17 11:00:00
สุโขทัย,42.19558559617154,41.68554941792933,2026-01-17 11:00:00
หนองคาย,48.34068983401339,59.27572014714597,2026-01-17 11:00:00
ลพบุรี,46.26172156031889,55.36023361599991,2026-01-17 11:00:00
อ่างทอง,38.48649109801521,54.67074271851717,2026-01-17 11:00:00
ภูเก็ต,16.19167779834446,20.714984598915112,2026-01-17 11:00:00
จันทบุรี,38.348440011537335,39.29522219675969,2026-01-17 11:00:00
นราธิวาส,16.26153153102582,20.603301346275913,2026-01-17 11:00:00
พิจิตร,46.14469416184074,51.156148771882904,2026-01-17 11:00:00
ปทุมธานี,36.442351467053484,44.528390790550496,2026-01-17 11:00:00
พิษณุโลก,42.01648713085834,50.970734745789684,2026-01-17 11:00:00
กรุงเทพมหานคร,36.03282766654343,42.624991228948986,2026-01-17 11:00:00
พัทลุง,16.859314009619762,21.25951668660697,2026-01-17 11:00:00
บึงกาฬ,53.88181658419259,40.75412858976774,2026-01-17 11:00:00
มุกดาหาร,58.02341026675565,51.23755306971173,2026-01-17 11:00:00
ร้อยเอ็ด,57.89451853646202,56.578263944793314,2026-01-17 11:00:00
นครศรีธรรมราช,16.33404854609764,19.440974838739177,2026-01-17 11:00:00
ศรีสะเกษ,52.9239455164085,51.78139189468223,2026-01-17 11:00:00
นครพนม,59.16318257833949,50.09537336713782,2026-01-17 11:00:00
นครปฐม,36.473712237863175,43.93733913734226,2026-01-17 11:00:00
สุรินทร์,54.48589794284618,53.74935399680114,2026-01-17 11:00:00
อุดรธานี,48.98343125225109,54.49634570893003,2026-01-17 11:00:00
ชัยนาท,42.947687507101136,58.49514504645047,2026-01-17 11:00:00
เชียงราย,34.4290369073501,21.879770200206423,2026-01-17 11:00:00
ชลบุรี,36.0335753306392,42.02778603972341,2026-01-17 11:00:00
เพชรบุรี,31.3710865925049,37.52735635686907,2026-01-17 11:00:00
กาฬสินธุ์,55.20959436491633,58.07218847939324,2026-01-17 11:00:00
กระบี่,16.19435123457516,21.641523804774366,2026-01-17 11:00:00
กำแพงเพชร,42.21380174722266,42.816438849232036,2026-01-17 11:00:00
สงขลา,16.389920760213588,18.284167145455836,2026-01-17 11:00:00
นครสวรรค์,45.95577521026147,49.7155123696644,2026-01-17 11:00:00
ลำพูน,37.05532905857993,28.965262501323156,2026-01-17 11:00:00
ลำปาง,37.26478930751768,29.62888761730926,2026-01-17 11:00:00
บุรีรัมย์,54.73307690683403,51.55668249311779,2026-01-17 11:00:00
มหาสารคาม,53.43735742462621,59.45944030168292,2026-01-17 11:00:00
ระยอง,39.130524836733386,37.86679969861779,2026-01-17 11:00:00
สมุทรสาคร,33.82477708843793,39.57002256632384,2026-01-17 11:00:00
สิงห์บุรี,42.30316909364855,61.07384360784769,2026-01-17 11:00:00
เลย,37.612763771751716,46.936335093597876,2026-01-17 11:00:00
อุตรดิตถ์,36.831570666832164,45.49533261188944,2026-01-17 11:00:00
ระนอง,16.37107937541227,16.95342715603707,2026-01-17 11:00:00
อุทัยธานี,37.34571293535014,45.67794595825115,2026-01-17 11:00:00
ตาก,35.202618550562576,35.63893024516529,2026-01-17 11:00:00
ยโสธร,56.668687423432864,50.62007202060912,2026-01-17 11:00:00
เชียงใหม่,33.00865957582041,21.227774653751997,2026-01-17 11:00:00
เพชรบูรณ์,46.578986168671676,50.30180412515303,2026-01-17 11:00:00
พังงา,16.205008238230647,18.00051600574578,2026-01-17 11:00:00
พะเยา,34.639233546272976,28.525798950944196,2026-01-17 11:00:00
ฉะเชิงเทรา,39.224137554108566,45.27843872334274,2026-01-17 11:00:00
นครราชสีมา,51.77982044285562,49.44819160010733,2026-01-17 11:00:00
ประจวบคีรีขันธ์,31.876035038212443,35.88270745863225,2026-01-17 11:00:00
ชุมพร,16.594083879683904,17.73495040129527,2026-01-17 11:00:00
ปราจีนบุรี,43.050585927547424,47.11423442121287,2026-01-17 11:00:00
แพร่,36.94327727151409,35.77400095327693,2026-01-17 11:00:00
สุพรรณบุรี,37.094085566412126,46.787375003105495,2026-01-17 11:00:00
อำนาจเจริญ,55.817325987988575,50.51025382688267,2026-01-17 11:00:00
สตูล,16.21019067059733,19.333676243901653,2026-01-17 11:00:00
แม่ฮ่องสอน,31.184574826637853,19.559064869331607,2026-01-17 11:00:00
สมุทรปราการ,31.598149342085144,41.03993628999158,2026-01-17 11:00:00
ยะลา,16.517481790822437,22.276070990878356,2026-01-17 11:00:00
สมุทรสงคราม,32.26605887571947,41.03254385803087,2026-01-17 11:00:00
หนองบัวลำภู,44.75571858212002,49.98946493614068,2026-01-17 11:00:00
น่าน,32.49710865927695,35.41966790866929,2026-01-17 11:00:00
อุบลราชธานี,53.28361578014678,52.493060094856354,2026-01-17 11:00:00
สุราษฎร์ธานี,16.794672148399684,17.685942070958678,2026-01-17 11:00:00
ตราด,36.020822182279964,40.5150788592366,2026-01-17 11:00:00
นครนายก,40.53575077185514,42.47395414357326,2026-01-17 11:00:00
นนทบุรี,34.419602029337604,41.310588536517834,2026-01-17 11:00:00
ปัตตานี,16.157738172045306,20.716745883631145,2026-01-17 11:00:00
ชัยภูมิ,45.43742244773812,50.5421336641408,2026-01-17 11:00:00
ราชบุรี,35.639215594415305,41.517087634009144,2026-01-17 11:00:00
สระบุรี,45.12669161625207,53.20619180850121,2026-01-17 11:00:00
ขอนแก่น,48.9590300080649,56.429260979470506,2026-01-17 11:00:00
หนองบัวลำภู,43.5861344823687,49.82403897148516,2026-01-17 12:00:00
นราธิวาส,14.429736254691766,19.723784598013903,2026-01-17 12:00:00
นครราชสีมา,49.35475637024149,48.54956619066157,2026-01-17 12:00:00
ฉะเชิงเทรา,39.75260909522525,43.6942244564218,2026-01-17 12:00:00
พะเยา,37.06680678141623,28.871498175595445,2026-01-17 12:00:00
จันทบุรี,35.80339796771392,38.231925864454304,2026-01-17 12:00:00
พังงา,15.766484645978506,17.578175407034394,2026-01-17 12:00:00
ประจวบคีรีขันธ์,27.337383742668077,34.44956177830876,2026-01-17 12:00:00
เพชรบูรณ์,44.070888076433896,49.43704598647222,2026-01-17 12:00:00
เชียงใหม่,32.82231517618662,21.808683004412895,2026-01-17 12:00:00
ยโสธร,50.11261719263922,51.0094627836555,2026-01-17 12:00:00
อุบลราชธานี,46.59977776681271,52.166996595528424,2026-01-17 12:00:00
สระบุรี,42.80644520927032,51.49763053474167,2026-01-17 12:00:00
ระนอง,14.995351703491027,16.815803410926566,2026-01-17 12:00:00
อุทัยธานี,34.15883027051367,43.980878317178785,2026-01-17 12:00:00
เลย,37.43897949660145,46.13003910198504,2026-01-17 12:00:00
อุตรดิตถ์,33.47623834348414,44.965119697470726,2026-01-17 12:00:00
สิงห์บุรี,38.12882430686871,58.48849403403029,2026-01-17 12:00:00
พระนครศรีอยุธยา,36.597720928373256,49.087320926809745,2026-01-17 12:00:00
สมุทรสาคร,31.707452001557606,37.85120517623124,2026-01-17 12:00:00
ระยอง,38.151755720609195,36.91380732824749,2026-01-17 12:00:00
ลำปาง,36.05870025471203,29.853334247967272,2026-01-17 12:00:00
สุราษฎร์ธานี,15.925248523040022,17.320231931773478,2026-01-17 12:00:00
สระแก้ว,40.77674058287909,44.521951411411806,2026-01-17 12:00:00
มหาสารคาม,46.312046086195345,57.81594652298056,2026-01-17 12:00:00
บุรีรัมย์,50.91270475293403,50.318004374971196,2026-01-17 12:00:00
ลำพูน,33.95561544822461,28.92816313982812,2026-01-17 12:00:00
ภูเก็ต,17.196250097173323,19.957550447632126,2026-01-17 12:00:00
ตราด,32.12537624525903,39.51071968544279,2026-01-17 12:00:00
สงขลา,15.250901209827616,17.85473329757151,2026-01-17 12:00:00
นครสวรรค์,42.93206841093605,48.42918997412491,2026-01-17 12:00:00
กำแพงเพชร,37.66786750962725,41.76841165260024,2026-01-17 12:00:00
ลพบุรี,44.33523856293585,53.72497921833579,2026-01-17 12:00:00
กระบี่,15.567082588900899,21.125318429484953,2026-01-17 12:00:00
กาฬสินธุ์,47.11423106923299,56.97556914191393,2026-01-17 12:00:00
นครนายก,38.669589644400254,41.5984458937757,2026-01-17 12:00:00
ขอนแก่น,44.69787764486035,54.87620202889983,2026-01-17 12:00:00
กาญจนบุรี,32.83438049685476,40.10210911245834,2026-01-17 12:00:00
เพชรบุรี,28.584993405191994,35.97451691667816,2026-01-17 12:00:00
ชลบุรี,36.18186082525002,40.422761776664686,2026-01-17 12:00:00
เชียงราย,33.792310674325186,22.52560995793745,2026-01-17 12:00:00
ชัยนาท,40.38062740991312,56.2880690699805,2026-01-17 12:00:00
นนทบุรี,30.146720180318063,39.506522949486175,2026-01-17 12:00:00
อ่างทอง,36.76249893387179,52.59566954056391,2026-01-17 12:00:00
ปัตตานี,14.329048387820057,19.770460369578377,2026-01-17 12:00:00
อุดรธานี,44.28506947771511,53.57256058035396,2026-01-17 12:00:00
หนองคาย,45.27347144096568,57.44453151315463,2026-01-17 12:00:00
นครปฐม,33.04866704891486,42.128125250377394,2026-01-17 12:00:00
สุรินทร์,50.387420887668824,52.838213755429386,2026-01-17 12:00:00
ตรัง,14.150989764801102,22.770333739636282,2026-01-17 12:00:00
นครพนม,51.70652397174838,50.58308316922446,2026-01-17 12:00:00
ศรีสะเกษ,47.21103198890956,51.38573120881231,2026-01-17 12:00:00
ร้อยเอ็ด,50.930688742111066,56.16136604188039,2026-01-17 12:00:00
นครศรีธรรมราช,14.248217194645322,18.891177211105536,2026-01-17 12:00:00
บึงกาฬ,50.02365566930728,41.09531735270316,2026-01-17 12:00:00
มุกดาหาร,51.87110190874568,51.73450078366317,2026-01-17 12:00:00
สกลนคร,51.65439417443901,47.194784708259796,2026-01-17 12:00:00
พัทลุง,16.400625637192746,20.46693582665766,2026-01-17 12:00:00
ชัยภูมิ,42.54119736116755,49.42541016828124,2026-01-17 12:00:00
พิษณุโลก,38.37025731967354,50.073595640831684,2026-01-17 12:00:00
ปทุมธานี,33.41747090963529,42.56107997520418,2026-01-17 12:00:00
ราชบุรี,30.342290042371918,39.810654454373484,2026-01-17 12:00:00
สมุทรปราการ,29.52344825861865,39.040987933921286,2026-01-17 12:00:00
สตูล,14.162706880003045,18.456394187862085,2026-01-17 12:00:00
กรุงเทพมหานคร,33.08091214700437,40.6266026552107,2026-01-17 12:00:00
แม่ฮ่องสอน,34.10588048801868,20.43889813421499,2026-01-17 12:00:00
อำนาจเจริญ,48.8117757091436,50.917087739707306,2026-01-17 12:00:00
พิจิตร,41.35144887108626,50.143563705615854,2026-01-17 12:00:00
ยะลา,15.988927178632728,21.4012466933753,2026-01-17 12:00:00
น่าน,36.7233742807466,35.24280397858238,2026-01-17 12:00:00
ตาก,30.807590499590532,34.65753007976529,2026-01-17 12:00:00
สมุทรสงคราม,26.320865003479966,39.09454384111677,2026-01-17 12:00:00
สุพรรณบุรี,34.80175984340955,45.03883235698144,2026-01-17 12:00:00
สุโขทัย,36.89409799934066,41.44286459168666,2026-01-17 12:00:00
แพร่,34.615913067902866,35.88532661450377,2026-01-17 12:00:00
ชุมพร,14.735221514467966,17.50614513489198,2026-01-17 12:00:00
ปราจีนบุรี,43.072258068967365,45.998135475491154,2026-01-17 12:00:00
